Shirt Color Name,PMS Color Code
Athletic Heather,428U
Black Heather,BLACK 7 CP
Dark Grey Heather,425C
Deep Heather,2333CP
Heather Aqua,7702 C
Heather Autumn,Not Available
Heather Blue,535C
Heather Brown,7519C
Heather Cardinal,7421 C
Heather Clay,7593 U
Heather Columbia Blue,660 U
Heather Deep Teal,7699 C
Heather Dust,Not Available
Heather Dusty Blue,5575 CP
Heather Forest,343 U
Heather Grass Green,3425 UP
Heather Green,7491C
Heather Ice Blue,317 CP
Heather Kelly,340 C
Heather Lapis,Not Available
Heather Maroon,7644 CP
Heather Mauve,7524 UP
Heather Midnight Navy,2380 CP
Heather Military Green,7764 U
Heather Mint,2246 C
Heather Mustard,Not Available
Heather Navy,2379C
Heather Olive,7497 CP
Heather Orange,1645 C
Heather Orchid,Not Available
Heather Peach,2016UP
Heather Prism Blue,Not Available
Heather Prism Dusty Blue,5575 C
Heather Prism Ice Blue,539 UP
Heather Prism Lilac,2052 CP
Heather Prism Mint,344 C
Heather Prism Natural,Not Available
Heather Prism Peach,7520 C
Heather Prism Sunset,2025 UP
Heather Raspberry,207U
Heather Red,193C
Heather Sea Green,2398 C
Heather Slate,2168UP
Heather Stone,2327UP
Heather Storm,Cool Grey 9 CP
Heather Sunset,2024 UP
Heather Tan,232CP
Heather Team Purple,2665 C
Heather True Royal,285CP
Heather Yellow,100 CP
Heather Yellow Gold,134 C
Solid Black Blend,Black C
Solid White Blend,WhiteC